{"accuracy": 0.8180272108843537, "spearman": 0.6864736352370221}