{"accuracy": 0.8333333333333334, "spearman": 0.7197189370897116}